S.No,Work Order ID,Title,Equipment ID,Equipment,Functional Location,User Group,Due Date,Assignee,Created Date,Priority,Maintenance Type,Tag,Status
"1","000034","Testing Work Order Conversion","MMP-EQ-0000018","Equipment for Maintenance Request 16/02","10/02Lorem Ipsum is simply dummy text of the 10/02Lorem Ipsum is simply dummy text of the","Testing multi Language Edit","29/08/2026","d3f30b6f-a95a-4f30-a2c3-24dde95aa75d","13/03/2026 16:55:13","Low","Preventive","null","Inprogress"
"2","000035","Total Maintenance request Totals","4534534","Check Mandaory Field for Material","G500-1-10","Without Order SS","01/08/2026","6c37acba-220d-46aa-b986-86ae9dd0aa81","16/03/2026 15:10:39","Low","Preventive","null","Completed"
"3","000049","Work Order Conversion","MMP-EQ-0000018","Equipment for Maintenance Request 16/02","10/02Lorem Ipsum is simply dummy text of the 10/02Lorem Ipsum is simply dummy text of the","VisibleButton","08/08/2026","6494834e-dc66-4eec-9f88-a237b573beb3","23/03/2026 12:42:11","Low","Preventive","null","Completed"
"4","000055","Testing Working 25","MMP-EQ-0000018","Equipment for Maintenance Request 16/02","G500-1-10-10","Equipment Maintainsss","01/08/2026","null","25/03/2026 12:04:51","Low","Breakdown","null","Not Assigned"
"5","000057","Testing Rejection 23/03","4534534","Check Mandaory Field for Material","G500-1-10","Equipment Maintainsss","29/08/2026","null","25/03/2026 17:45:22","Medium","Preventive","null","Not Assigned"
"6","000072","sdfasd","MMP-EQ-0000009","Conveyor Motor CM-09","G500-1-10-1-ewqe","Equipment Maintainsss","01/08/2026","null","30/03/2026 15:52:20","Low","Preventive","null","Not Assigned"
"7","000220","Checklist Occurence Workder convertion","345xcfgb-dup","345xcfgb","wssxx","Maintenance Team Access","14/08/2026","null","25/05/2026 12:03:31","High","Inspection","3fdsnfdsnmnm","Not Assigned"
"8","000221","CheckList testing work order convert series","wrg","24","10/02Lorem Ipsum is simply dummy text of the 10/02Lorem Ipsum is simply dummy text of the","12Group Name","21/08/2026","null","25/05/2026 12:26:15","High","Corrective","34534","Not Assigned"
"9","000350","Beyoud last 30 days","09876","Language Check in Equipment","G500-1-10-10","Equipment Maintainsss","26/08/2026","null","06/07/2026 13:19:54","Medium","Inspection","Motor","Not Assigned"
"10","000365","Timeline Checking Work Order","1234567333","ffddcc","10/02Lorem Ipsum is simply dummy text of the 10/02Lorem Ipsum is simply dummy text of the","Raw Material Workers","24/07/2026","null","21/07/2026 14:19:46","High","Predictive","Mechanical","Not Assigned"
"11","000366","asf09/04","1234567333","ffddcc","10/02Lorem Ipsum is simply dummy text of the 10/02Lorem Ipsum is simply dummy text of the","Maintenance Team Access","31/07/2026","null","23/07/2026 10:06:43","Low","Predictive","Inventory Tag 25/03","Not Assigned"
"12","000367","work order as per user group assignee","	 ECH001200","Test","234324","Maintenance-request","23/07/2026","6494834e-dc66-4eec-9f88-a237b573beb3","24/07/2026 11:51:11","Medium","Preventive","Electrical","Completed"
"13","000368","checkOrders","	 ECH001200","Test","234324","Maintenance-request","27/07/2026","null","24/07/2026 12:06:22","High","Breakdown","null","Not Assigned"
"14","000370","Same assignee should be available by default while","09876","Language Check in Equipment","G500-1-10-10","Maintenance-request","07/08/2026","6494834e-dc66-4eec-9f88-a237b573beb3","27/07/2026 18:18:51","Low","Breakdown","Electronics","Open"
"15","000371","User Group and Assignee","1234567","asdfghj","30 Search Location","Maintenance Team Access 02","28/07/2026","9309d126-db1d-477c-9a14-2dcf463f7a36","28/07/2026 11:56:02","High","Corrective","null","Open"
"16","000372","dafadf","	 ECH001200","Test","234324","Access Module 2 Operator","30/07/2026","e98fe056-0981-4e60-b6c9-4e18c7fa6d90","30/07/2026 14:51:05","Medium","Inspection","null","Open"
"17","000374","navigation 2 ","09876","Language Check in Equipment","G500-1-10-10","Maintenance-request","01/08/2026","6494834e-dc66-4eec-9f88-a237b573beb3","30/07/2026 15:43:48","High","Inspection","null","Completed"
"18","000375","new req 29-8","	 ECH001200","Test","234324","Maintenance-request","01/09/2026","d3f30b6f-a95a-4f30-a2c3-24dde95aa75d","30/07/2026 17:22:19","High","Inspection","Electrical","Open"
"19","000376","REnderCheck","	 ECH001200","Test","234324","Maintenance-request","31/07/2026","null","31/07/2026 12:03:00","High","Breakdown","null","Not Assigned"
"20","000377","TestLanChange","1213","sample equipment","dummy","Maintenance-request","27/07/2026","null","31/07/2026 12:09:49","Low","Preventive","null","Not Assigned"
"21","000378","new req naviggggat","	 ECH001200","Test","234324","Maintenance-request","01/08/2026","6494834e-dc66-4eec-9f88-a237b573beb3","31/07/2026 12:33:36","Critical","Predictive","Electronics","Open"
"22","000380","New Release 3","1213","sample equipment","dummy","Access Module 2 Operator","01/08/2026","f438bb2d-666f-47a1-b372-011ff6479652","31/07/2026 15:27:19","High","Corrective","null","Completed"
"23","000381","MR 16 July","45r57","Equipment 001","G500-1-10-1-ewqe","Maintenance-request","10/08/2026","f438bb2d-666f-47a1-b372-011ff6479652","31/07/2026 15:32:31","Low","Breakdown","Electrical","Completed"
"24","000382","Without mal end date","	 ECH001200","Test","234324","Maintenance-request","03/08/2026","813a82c5-d867-4397-bb78-3ba518ca131d","03/08/2026 00:19:48","Critical","Inspection","Mechanical","Completed"
"25","000384","MR and Image Delete","	 ECH001200","Test","234324","Maintenance-request","24/08/2026","88ec7dbf-999b-4214-bf25-0c9c56676f0d","05/08/2026 10:01:17","Critical","Breakdown","Electrical","Completed"
"26","000385","Mal Functiona End Date is not required","09876","Language Check in Equipment","G500-1-10-10","Maintenance Team Access 02","05/08/2026","629792b5-9d59-4710-8b31-4bcbd290ab7f","05/08/2026 18:01:24","Medium","Breakdown","Pneumatic","Completed"
"27","000386","mergeOrders","	 ECH001200","Test","234324","Maintenance Team Access 02","12/08/2026","null","12/08/2026 10:10:18","Medium","Corrective","null","Not Assigned"
"28","000387","email triger check","	 ECH001200","Test","234324","Testing multi Language Edit","17/08/2026","d3f30b6f-a95a-4f30-a2c3-24dde95aa75d","14/08/2026 14:57:55","Critical","Predictive","Electrical","Completed"
"29","000388","Plan for Every Tues ","09876","Language Check in Equipment","G500-1-10-10","Without Order SS","21/08/2026","6c37acba-220d-46aa-b986-86ae9dd0aa81","17/08/2026 10:28:51","Medium","Corrective","Pneumatic","Inprogress"
"30","000389","Plan for Every Tues ","09876","Language Check in Equipment","G500-1-10-10","Testing multi Language Edit","20/08/2026","d3f30b6f-a95a-4f30-a2c3-24dde95aa75d","17/08/2026 10:34:03","Medium","Corrective","Pneumatic","Completed"
"31","000390","random dailly accurance","	 ECH001200","Test","234324","Testing multi Language Edit","19/08/2026","d3f30b6f-a95a-4f30-a2c3-24dde95aa75d","17/08/2026 10:38:09","High","Corrective","Electrical","Inprogress"
"32","000391","weekly occurance with routing mail","0987624","double","234324","Testing multi Language Edit","19/08/2026","d3f30b6f-a95a-4f30-a2c3-24dde95aa75d","17/08/2026 13:52:51","High","Preventive","Electrical","Completed"
"33","000392","weekly occurance with routing mail","0987624","double","234324","Testing multi Language Edit","19/08/2026","d3f30b6f-a95a-4f30-a2c3-24dde95aa75d","17/08/2026 14:20:08","High","Preventive","Electrical","Completed"
"34","000393","Work Order Completed for Your Maintenance Plan","09876","Language Check in Equipment","G500-1-10-10","Maintenance Team Access 02","26/08/2026","629792b5-9d59-4710-8b31-4bcbd290ab7f","18/08/2026 18:36:57","High","Breakdown","Electronics","Completed"
"35","000394","Work Order Completed for Your Maintenance Plan","09876","Language Check in Equipment","G500-1-10-10","Maintenance Team Access 02","25/08/2026","9309d126-db1d-477c-9a14-2dcf463f7a36","18/08/2026 18:38:14","High","Breakdown","Electronics","Open"
"36","000395","Work Order Dev Test Priority","0987624","double","234324","Raw Material Workers","19/08/2026","null","19/08/2026 12:18:42","High","Breakdown","Electrical","Not Assigned"
"37","000396","Maintenance Plan converted to WO","09876","Language Check in Equipment","G500-1-10-10","Maintenance-request","28/08/2026","6494834e-dc66-4eec-9f88-a237b573beb3","20/08/2026 11:07:01","High","Corrective","Electrical","Open"
"38","000397","Maintenance Plan converted to WO","09876","Language Check in Equipment","G500-1-10-10","Maintenance-request","28/08/2026","7b781251-0a63-47c5-9803-22b9b2172687","20/08/2026 11:27:12","High","Corrective","Electrical","Inprogress"